"month","year","bifenthrin_kgha"
1,"2014",0.000450379443122717
2,"2014",0.000427722879989225
3,"2014",0.000222177445158576
4,"2014",0.000979027543159195
5,"2014",0.000579291530190819
6,"2014",0.000484714744012851
7,"2014",0.000521372108814358
8,"2014",0.00202814872611767
9,"2014",0.000998880315583584
10,"2014",0.00183646082633702
11,"2014",0.000662722679552459
12,"2014",0.000397466265478544
