"month","year","bifenthrin_kgha"
1,"2013",0.000447022022175011
2,"2013",0.000625100252130143
3,"2013",0.000738997627912623
4,"2013",0.00136712618630273
5,"2013",0.00101229832762372
6,"2013",0.00090694075141683
7,"2013",0.00207856198651696
8,"2013",0.000973455461899512
9,"2013",0.000592300102854829
10,"2013",0.000502413343288247
11,"2013",0.0005934676927654
12,"2013",0.000496785750171788
