"month","year","bifenthrin_kgha"
1,"2009",0.000595841108155669
2,"2009",0.000712385885416801
3,"2009",0.000939472508146425
4,"2009",0.0012607295691977
5,"2009",0.00097644895514466
6,"2009",0.00108480029617518
7,"2009",0.00135620983029449
8,"2009",0.00116786489053427
9,"2009",0.00131385899024335
10,"2009",0.000772451666804865
11,"2009",0.000821442261207152
12,"2009",0.000389122153147261
