"month","year","bif_kg"
1,"2010",48.2189035133424
2,"2010",45.3759416724872
3,"2010",63.5206069650296
4,"2010",61.9554076918979
5,"2010",107.378936853229
6,"2010",87.7193825077376
7,"2010",63.24436828037
8,"2010",50.5341504748065
9,"2010",107.283537869132
10,"2010",69.523729006514
11,"2010",40.4110262883568
12,"2010",155.333681676017
