"month","year","bifenthrin_kgha"
1,"2012",0.00195640567215623
2,"2012",0.00146390341841739
3,"2012",0.000835269227282972
4,"2012",0.000803893678036927
5,"2012",0.00158043912909457
6,"2012",0.00136883615127908
7,"2012",0.000808657323585647
8,"2012",0.00456161938818546
9,"2012",0.000826675373222136
10,"2012",0.000590754071609301
11,"2012",0.000776231584884411
12,"2012",0.000576371003554577
