"month","year","bif_kg"
1,"2009",56.0483896797712
2,"2009",67.0112906976168
3,"2009",88.3724209513016
4,"2009",118.591787656151
5,"2009",91.8506474146376
6,"2009",102.042824660015
7,"2009",127.573233896482
8,"2009",109.856378792997
9,"2009",123.589459776231
10,"2009",72.6614384896664
11,"2009",77.269787742712
12,"2009",36.6031644579502
