"month","year","bif_kg"
1,"2011",171.551238713247
2,"2011",165.072089820934
3,"2011",161.583426863386
4,"2011",177.045023908183
5,"2011",165.841923419102
6,"2011",209.655836363035
7,"2011",55.7373727447674
8,"2011",185.063050043685
9,"2011",500.465886397115
10,"2011",169.365939967622
11,"2011",163.223186813835
12,"2011",142.581474659433
