"month","year","bif_kg"
1,"2012",184.031255957048
2,"2012",137.70353895685
3,"2012",78.5704351336
4,"2012",75.6190627182216
5,"2012",148.66558711741
6,"2012",128.760941406218
7,"2012",76.0671598004074
8,"2012",429.093289369054
9,"2012",77.7620456575134
10,"2012",55.5698725000005
11,"2012",73.017000263737
12,"2012",54.2169148203648
