"month","year","bif_kg"
1,"2013",42.0495735379146
2,"2013",58.800680316874
3,"2013",69.5145508672288
4,"2013",128.600091840753
5,"2013",95.2228544862531
6,"2013",85.3122887227755
7,"2013",195.522011823704
8,"2013",91.5690614790394
9,"2013",55.7153014751423
10,"2013",47.2600135497522
11,"2013",55.8251319876701
12,"2013",46.7306483756594
