"month","year","bifenthrin_kgha"
1,"2011",0.00182373268463894
2,"2011",0.00175485393044175
3,"2011",0.00171776653480945
4,"2011",0.00188213620126488
5,"2011",0.00176303790337744
6,"2011",0.00222881632431521
7,"2011",0.000592534738851099
8,"2011",0.00196737450347293
9,"2011",0.00532036959578503
10,"2011",0.001800501137155
11,"2011",0.00173519855010137
12,"2011",0.00151575994152439
