"month","year","bifenthrin_kgha"
1,"2010",0.000512607142998984
2,"2010",0.000482384088538762
3,"2010",0.000675277007261174
4,"2010",0.000658637634128143
5,"2010",0.00114152761734557
6,"2010",0.000932530165072796
7,"2010",0.000672340359751345
8,"2010",0.000537220148351227
9,"2010",0.00114051344661336
10,"2010",0.000739095199184764
11,"2010",0.000429602898904565
12,"2010",0.0016513265332428
