"month","year","bif_kg"
1,"2014",42.3653926967815
2,"2014",40.2341804290664
3,"2014",20.8993435562866
4,"2014",92.0932048748128
5,"2014",54.4916370789296
6,"2014",45.5951771103128
7,"2014",49.0433887877314
8,"2014",190.779838070985
9,"2014",93.9606757656854
10,"2014",172.748524090218
11,"2014",62.3396715747816
12,"2014",37.3880617285047
