"month","year","bif_kg"
1,"2014",180.715951081041
2,"2014",123.83236427511
3,"2014",192.291021227399
4,"2014",159.167638327597
5,"2014",233.670294374702
6,"2014",196.82313209786
7,"2014",207.602555523651
8,"2014",277.494585698639
9,"2014",68.3357133989478
10,"2014",170.572523771941
11,"2014",80.9987982375312
12,"2014",69.0344022440398
