"month","year","bifenthrin_kgha"
1,"2014",0.00184908189554623
2,"2014",0.00126705020499883
3,"2014",0.00196751777527502
4,"2014",0.00162860000253341
5,"2014",0.00239090964726992
6,"2014",0.00201389024051148
7,"2014",0.00212418507935566
8,"2014",0.00283931889497322
9,"2014",0.000699209614366392
10,"2014",0.00174529455589057
11,"2014",0.000828778038054074
12,"2014",0.000706358584262805
