"month","year","bif_kg"
1,"2009",109.173699246213
2,"2009",61.818392626096
3,"2009",521.874382759532
4,"2009",316.902148231562
5,"2009",185.80821864699
6,"2009",385.53886476915
7,"2009",330.835695677906
8,"2009",578.657509565124
9,"2009",325.679299760341
10,"2009",309.737975597257
11,"2009",257.225644108908
12,"2009",239.357507958662
