"month","year","bifenthrin_kgha"
1,"2013",0.00236806554493698
2,"2013",0.00418258957309789
3,"2013",0.00232739968205306
4,"2013",0.00209425826252031
5,"2013",0.00797402826067945
6,"2013",0.0080720544698777
7,"2013",0.00980473648266311
8,"2013",0.00837666050345528
9,"2013",0.00234007836712266
10,"2013",0.00182277395441477
11,"2013",0.00449194319607323
12,"2013",0.00172644017736798
