"month","year","bif_kg"
1,"2012",218.349667949279
2,"2012",506.238724243545
3,"2012",589.697824875598
4,"2012",456.570926287795
5,"2012",463.040946704611
6,"2012",358.025581851354
7,"2012",353.854425201808
8,"2012",1498.62006867573
9,"2012",1325.81835246856
10,"2012",1344.29026178661
11,"2012",1073.7013000485
12,"2012",239.236729014384
