"month","year","bif_kg"
1,"2013",231.437676290217
2,"2013",408.776190229661
3,"2013",227.463287646155
4,"2013",204.677723919245
5,"2013",779.324109195333
6,"2013",788.904485093664
7,"2013",958.244349712817
8,"2013",818.674485652094
9,"2013",228.702411038325
10,"2013",178.144802332028
11,"2013",439.010185993186
12,"2013",168.72983256667
