"month","year","bif_kg"
1,"2010",178.936010183138
2,"2010",241.210522586732
3,"2010",190.164480789454
4,"2010",172.388598588742
5,"2010",324.033541944732
6,"2010",424.346767896191
7,"2010",74.9528534507593
8,"2010",242.56437405126
9,"2010",293.125637606849
10,"2010",295.740562152373
11,"2010",623.005544638531
12,"2010",627.371391837664
