"month","year","bifenthrin_kgha"
1,"2010",0.00183086957687837
2,"2010",0.00246806110729184
3,"2010",0.0019457590572403
4,"2010",0.0017638765960736
5,"2010",0.00331550453834057
6,"2010",0.00434190740361671
7,"2010",0.000766916055313665
8,"2010",0.00248191368763875
9,"2010",0.00299925549668943
10,"2010",0.00302601135087067
11,"2010",0.00637457992238564
12,"2010",0.00641925118115581
