"month","year","bif_kg"
1,"2011",703.320809356156
2,"2011",771.944567999539
3,"2011",683.133650304234
4,"2011",897.925234333103
5,"2011",856.089921176991
6,"2011",1198.90570572999
7,"2011",1078.11322390317
8,"2011",1212.67596514564
9,"2011",996.907657208474
10,"2011",896.334359348734
11,"2011",697.721579652
12,"2011",937.327667175954
