"month","year","bif_kg"
1,"2013",3.9649133521216
2,"2013",4.4202177753196
3,"2013",17.3143633221744
4,"2013",16.0195169647336
5,"2013",35.602363732076
6,"2013",9.43917325304112
7,"2013",22.4893200883019
8,"2013",14.1305631538832
9,"2013",6.957633626648
10,"2013",17.9060558971352
11,"2013",15.7584126266296
12,"2013",17.0436698677536
