"month","year","bif_kg"
1,"2009",5.08103098988
2,"2009",4.2064276414152
3,"2009",4.4190374155376
4,"2009",0
5,"2009",8.1852025382608
6,"2009",8.2424641737776
7,"2009",8.7855212083632
8,"2009",8.690189505568
9,"2009",7.45793856290016
10,"2009",7.92774927102688
11,"2009",6.58051057911744
12,"2009",6.3130166628744
