"month","year","bif_kg"
1,"2012",9.5701307020092
2,"2012",8.8666963955568
3,"2012",7.5822393587596
4,"2012",12.0227373684768
5,"2012",15.0168723737716
6,"2012",19.9889380007532
7,"2012",19.6766148205797
8,"2012",18.7684483902028
9,"2012",23.9856611021264
10,"2012",10.5222163002559
11,"2012",6.7659256213612
12,"2012",2.90512928250432
