"month","year","bif_kg"
1,"2014",17.32671261385
2,"2014",12.9258555058664
3,"2014",14.90906215094
4,"2014",19.2702981564808
5,"2014",16.1514269614376
6,"2014",27.0676744998704
7,"2014",21.4774288928782
8,"2014",17.2840240592198
9,"2014",11.0590166092634
10,"2014",23.8650576389851
11,"2014",7.139984414528
12,"2014",19.2829899645474
