"month","year","bif_kg"
1,"2010",2.7981535736984
2,"2010",6.9624801664496
3,"2010",4.5205612841616
4,"2010",5.304383999804
5,"2010",6.8155883888592
6,"2010",6.1995603309432
7,"2010",7.443740235188
8,"2010",8.0870555259992
9,"2010",10.341297951376
10,"2010",8.8602906332552
11,"2010",8.8642609240312
12,"2010",0
