"month","year","bif_kg"
1,"2011",8.7184538663496
2,"2011",10.0809487985928
3,"2011",16.0236487524053
4,"2011",15.6458998204894
5,"2011",22.6607552482048
6,"2011",20.1808160576808
7,"2011",9.8823499823992
8,"2011",23.7800788061804
9,"2011",19.5088026814176
10,"2011",16.5773672446908
11,"2011",84.178119434298
12,"2011",11.5384969281432
