"month","year","bif_kg"
1,"2009",25.4092357805464
2,"2009",43.2819288974608
3,"2009",101.787646614789
4,"2009",53.5327249936576
5,"2009",44.4332373819184
6,"2009",24.9094122777712
7,"2009",28.5543422832776
8,"2009",76.0147003570024
9,"2009",87.8686733606315
10,"2009",36.1985943589192
11,"2009",32.1225192244294
12,"2009",14.6578219873416
