"month","year","bif_kg"
1,"2010",37.841694139016
2,"2010",23.0418802109456
3,"2010",28.7698851647088
4,"2010",45.76223009976
5,"2010",72.7900763235775
6,"2010",89.6704609502242
7,"2010",50.5341269288458
8,"2010",37.4864443228434
9,"2010",82.9034583517696
10,"2010",47.2803882718994
11,"2010",89.3785470559082
12,"2010",69.5835337191865
