"month","year","bif_kg"
1,"2011",134.392232104234
2,"2011",174.018428076751
3,"2011",110.408093946319
4,"2011",208.014083587885
5,"2011",165.674182167298
6,"2011",179.373498034207
7,"2011",310.048226179505
8,"2011",12.2329464162208
9,"2011",606.778849781809
10,"2011",571.162103949222
11,"2011",85.7287425965485
12,"2011",345.578678588025
