"month","year","bif_kg"
1,"2013",44.3322370718604
2,"2013",94.1989190352379
3,"2013",48.334818576997
4,"2013",60.5317130383939
5,"2013",19.9746925448322
6,"2013",29.4155491503601
7,"2013",25.8241870491728
8,"2013",15.1140717779142
9,"2013",101.691771690214
10,"2013",12.3630278474952
11,"2013",12.4030208091955
12,"2013",5.2868768000984
