"month","year","bif_kg"
1,"2012",84.9295226823224
2,"2012",62.2171784201528
3,"2012",95.3072370859816
4,"2012",82.3199217238424
5,"2012",165.980210075645
6,"2012",58.6592898436731
7,"2012",85.6686305571522
8,"2012",24.713758443925
9,"2012",86.7315444342491
10,"2012",21.3829903263388
11,"2012",6.31742153560968
12,"2012",77.560982974935
