"month","year","bif_kg"
1,"2014",7.4188173505928
2,"2014",8.0181486643092
3,"2014",5.6709542385264
4,"2014",6.44084724817496
5,"2014",13.6577655061491
6,"2014",19.6603386967776
7,"2014",11.0355893127465
8,"2014",18.1121285850002
9,"2014",88.7136341317023
10,"2014",115.04396457645
11,"2014",5.2696304157928
12,"2014",7.63927771815032
