"month","year","bifenthrin_kgha"
1,"2012",0.00223414931271057
2,"2012",0.0051798242170852
3,"2012",0.00603377601865083
4,"2012",0.00467162432968046
5,"2012",0.00473782544554756
6,"2012",0.00366331039171449
7,"2012",0.00362063120264444
8,"2012",0.0153338497277856
9,"2012",0.0135657461207349
10,"2012",0.0137547503170543
11,"2012",0.0109860896244506
12,"2012",0.00244786529204509
