"month","year","bifenthrin_kgha"
1,"2011",0.00719636405951897
2,"2011",0.00789852094690359
3,"2011",0.00698980946319183
4,"2011",0.00918755253439074
5,"2011",0.00875949447040289
6,"2011",0.0122671785289073
7,"2011",0.0110312323386128
8,"2011",0.0124080755401015
9,"2011",0.0102003386499566
10,"2011",0.00917127473426254
11,"2011",0.00713907285631845
12,"2011",0.00959071741703864
