"month","year","bifenthrin_kgha"
1,"2009",0.00111706304583735
2,"2009",0.000632524522228934
3,"2009",0.00533980795351747
4,"2009",0.00324253626450446
5,"2009",0.00190118587257287
6,"2009",0.00394482573679615
7,"2009",0.00338510403547126
8,"2009",0.00592081173940708
9,"2009",0.00333234389846951
10,"2009",0.00316923259742131
11,"2009",0.00263192750140084
12,"2009",0.00244910109971946
